-- MySQL Script generated by MySQL Workbench
-- Mon May  3 22:52:20 2021
-- Model: New Model    Version: 1.0
-- MySQL Workbench Forward Engineering

SET @OLD_UNIQUE_CHECKS=@@UNIQUE_CHECKS, UNIQUE_CHECKS=0;
SET @OLD_FOREIGN_KEY_CHECKS=@@FOREIGN_KEY_CHECKS, FOREIGN_KEY_CHECKS=0;
SET @OLD_SQL_MODE=@@SQL_MODE, SQL_MODE='ONLY_FULL_GROUP_BY,STRICT_TRANS_TABLES,NO_ZERO_IN_DATE,NO_ZERO_DATE,ERROR_FOR_DIVISION_BY_ZERO,NO_ENGINE_SUBSTITUTION';

-- -----------------------------------------------------
-- Schema coolcream
-- -----------------------------------------------------
DROP SCHEMA IF EXISTS `coolcream` ;

-- -----------------------------------------------------
-- Schema coolcream
-- -----------------------------------------------------
CREATE SCHEMA IF NOT EXISTS `coolcream` DEFAULT CHARACTER SET utf8 ;
USE `coolcream` ;

-- -----------------------------------------------------
-- Table `coolcream`.`brand`
-- -----------------------------------------------------
DROP TABLE IF EXISTS `coolcream`.`brand` ;

CREATE TABLE IF NOT EXISTS `coolcream`.`brand` (
  `brand_id` INT NOT NULL,
  `brand_name` VARCHAR(45) NOT NULL,
  PRIMARY KEY (`brand_id`))
ENGINE = InnoDB;


-- -----------------------------------------------------
-- Table `coolcream`.`size`
-- -----------------------------------------------------
DROP TABLE IF EXISTS `coolcream`.`size` ;

CREATE TABLE IF NOT EXISTS `coolcream`.`size` (
  `size_id` INT NOT NULL,
  `size_type` VARCHAR(45) NOT NULL,
  PRIMARY KEY (`size_id`))
ENGINE = InnoDB;


-- -----------------------------------------------------
-- Table `coolcream`.`product`
-- -----------------------------------------------------
DROP TABLE IF EXISTS `coolcream`.`product` ;

CREATE TABLE IF NOT EXISTS `coolcream`.`product` (
  `product_id` INT NOT NULL,
  `product_name` VARCHAR(50) NOT NULL,
  `describe` VARCHAR(200) NOT NULL,
  `price` DECIMAL(6,2) NOT NULL,
  `lastday` DATE NOT NULL,
  `image` VARCHAR(100) NOT NULL,
  `brand_id` INT NOT NULL,
  `size_id` INT NOT NULL,
  PRIMARY KEY (`product_id`, `brand_id`, `size_id`),
  UNIQUE INDEX `product_name_UNIQUE` (`product_name` ASC) VISIBLE,
  INDEX `fk_product_brand_idx` (`brand_id` ASC) VISIBLE,
  INDEX `fk_product_size2_idx` (`size_id` ASC) VISIBLE,
  CONSTRAINT `fk_product_brand`
    FOREIGN KEY (`brand_id`)
    REFERENCES `coolcream`.`brand` (`brand_id`)
    ON DELETE NO ACTION
    ON UPDATE NO ACTION,
  CONSTRAINT `fk_product_size2`
    FOREIGN KEY (`size_id`)
    REFERENCES `coolcream`.`size` (`size_id`)
    ON DELETE NO ACTION
    ON UPDATE NO ACTION)
ENGINE = InnoDB;


-- -----------------------------------------------------
-- Table `coolcream`.`topping`
-- -----------------------------------------------------
DROP TABLE IF EXISTS `coolcream`.`topping` ;

CREATE TABLE IF NOT EXISTS `coolcream`.`topping` (
  `topping_id` INT NOT NULL,
  `topping_name` VARCHAR(45) NOT NULL,
  PRIMARY KEY (`topping_id`))
ENGINE = InnoDB;


-- -----------------------------------------------------
-- Table `coolcream`.`product_has_topping`
-- -----------------------------------------------------
DROP TABLE IF EXISTS `coolcream`.`product_has_topping` ;

CREATE TABLE IF NOT EXISTS `coolcream`.`product_has_topping` (
  `has_topping_id` VARCHAR(45) NOT NULL,
  `topping_id` INT NOT NULL,
  `product_id` INT NOT NULL,
  INDEX `fk_product_has_topping_topping1_idx` (`topping_id` ASC) VISIBLE,
  PRIMARY KEY (`has_topping_id`, `topping_id`, `product_id`),
  INDEX `fk_product_has_topping_product1_idx` (`product_id` ASC) VISIBLE,
  CONSTRAINT `fk_product_has_topping_topping1`
    FOREIGN KEY (`topping_id`)
    REFERENCES `coolcream`.`topping` (`topping_id`)
    ON DELETE NO ACTION
    ON UPDATE NO ACTION,
  CONSTRAINT `fk_product_has_topping_product1`
    FOREIGN KEY (`product_id`)
    REFERENCES `coolcream`.`product` (`product_id`)
    ON DELETE NO ACTION
    ON UPDATE NO ACTION)
ENGINE = InnoDB;


SET SQL_MODE=@OLD_SQL_MODE;
SET FOREIGN_KEY_CHECKS=@OLD_FOREIGN_KEY_CHECKS;
SET UNIQUE_CHECKS=@OLD_UNIQUE_CHECKS;

-- -----------------------------------------------------
-- Data for table `coolcream`.`brand`
-- -----------------------------------------------------
START TRANSACTION;
USE `coolcream`;
INSERT INTO `coolcream`.`brand` (`brand_id`, `brand_name`) VALUES (1001, 'Baskin Robbins');
INSERT INTO `coolcream`.`brand` (`brand_id`, `brand_name`) VALUES (1002, 'Ben&Jerry’s');
INSERT INTO `coolcream`.`brand` (`brand_id`, `brand_name`) VALUES (1003, 'Dairy Queen');
INSERT INTO `coolcream`.`brand` (`brand_id`, `brand_name`) VALUES (1004, 'Suzukien');
INSERT INTO `coolcream`.`brand` (`brand_id`, `brand_name`) VALUES (1005, 'Swensens');
INSERT INTO `coolcream`.`brand` (`brand_id`, `brand_name`) VALUES (1006, 'Umm Milk');

COMMIT;


-- -----------------------------------------------------
-- Data for table `coolcream`.`size`
-- -----------------------------------------------------
START TRANSACTION;
USE `coolcream`;
INSERT INTO `coolcream`.`size` (`size_id`, `size_type`) VALUES (2001, 'S');
INSERT INTO `coolcream`.`size` (`size_id`, `size_type`) VALUES (2002, 'M');
INSERT INTO `coolcream`.`size` (`size_id`, `size_type`) VALUES (2003, 'L');
INSERT INTO `coolcream`.`size` (`size_id`, `size_type`) VALUES (2004, 'XL');

COMMIT;


-- -----------------------------------------------------
-- Data for table `coolcream`.`product`
-- -----------------------------------------------------
START TRANSACTION;
USE `coolcream`;
INSERT INTO `coolcream`.`product` (`product_id`, `product_name`, `describe`, `price`, `lastday`, `image`, `brand_id`, `size_id`) VALUES (4001, 'Vanilla', 'Vanilla Icecream', 25, '2021-12-12', 'product-vanilla.png', 1001, 2001);
INSERT INTO `coolcream`.`product` (`product_id`, `product_name`, `describe`, `price`, `lastday`, `image`, `brand_id`, `size_id`) VALUES (4002, 'Mango', 'Oak Rong Thong ice cream with rich and sweet. The authentic taste of Oak Rong Thong Mango.', 65, '2021-07-21', 'product-mango.png', 1002, 2001);
INSERT INTO `coolcream`.`product` (`product_id`, `product_name`, `describe`, `price`, `lastday`, `image`, `brand_id`, `size_id`) VALUES (4003, 'Dark Chocolate Traffle', 'Chocolate ice cream, mixed with chocolate traffles', 50, '2022-01-22', 'product-dark-choc.png', 1003, 2002);
INSERT INTO `coolcream`.`product` (`product_id`, `product_name`, `describe`, `price`, `lastday`, `image`, `brand_id`, `size_id`) VALUES (4004, 'Dreamsicle Dipped Cone- Kids', 'Our world-famous vanilla soft serve, dipped in a crunchy, creamy orange coating.', 15, '2021-06-15', 'product-dreamsicle.png', 1004, 2002);
INSERT INTO `coolcream`.`product` (`product_id`, `product_name`, `describe`, `price`, `lastday`, `image`, `brand_id`, `size_id`) VALUES (4005, 'Butterfinger', 'Butterfinger candy pieces blended with creamy DQ vanilla soft serve to Blizzard Treat perfection', 45, '2022-08-20', 'product-butterfinger.png', 1005, 2003);

COMMIT;


-- -----------------------------------------------------
-- Data for table `coolcream`.`topping`
-- -----------------------------------------------------
START TRANSACTION;
USE `coolcream`;
INSERT INTO `coolcream`.`topping` (`topping_id`, `topping_name`) VALUES (3001, 'Almond');
INSERT INTO `coolcream`.`topping` (`topping_id`, `topping_name`) VALUES (3002, 'Brownie');
INSERT INTO `coolcream`.`topping` (`topping_id`, `topping_name`) VALUES (3003, 'Chocolate ball');
INSERT INTO `coolcream`.`topping` (`topping_id`, `topping_name`) VALUES (3004, 'Chocolate chip');
INSERT INTO `coolcream`.`topping` (`topping_id`, `topping_name`) VALUES (3005, 'Cookie crumble');
INSERT INTO `coolcream`.`topping` (`topping_id`, `topping_name`) VALUES (3006, 'Oreo');
INSERT INTO `coolcream`.`topping` (`topping_id`, `topping_name`) VALUES (3007, 'Rainbow');
INSERT INTO `coolcream`.`topping` (`topping_id`, `topping_name`) VALUES (3008, 'Sticky rice');

COMMIT;


-- -----------------------------------------------------
-- Data for table `coolcream`.`product_has_topping`
-- -----------------------------------------------------
START TRANSACTION;
USE `coolcream`;
INSERT INTO `coolcream`.`product_has_topping` (`has_topping_id`, `topping_id`, `product_id`) VALUES ('6001', 3001, 4001);
INSERT INTO `coolcream`.`product_has_topping` (`has_topping_id`, `topping_id`, `product_id`) VALUES ('6002', 3002, 4001);
INSERT INTO `coolcream`.`product_has_topping` (`has_topping_id`, `topping_id`, `product_id`) VALUES ('6003', 3001, 4002);
INSERT INTO `coolcream`.`product_has_topping` (`has_topping_id`, `topping_id`, `product_id`) VALUES ('6004', 3003, 4002);
INSERT INTO `coolcream`.`product_has_topping` (`has_topping_id`, `topping_id`, `product_id`) VALUES ('6005', 3005, 4002);
INSERT INTO `coolcream`.`product_has_topping` (`has_topping_id`, `topping_id`, `product_id`) VALUES ('6006', 3008, 4002);
INSERT INTO `coolcream`.`product_has_topping` (`has_topping_id`, `topping_id`, `product_id`) VALUES ('6007', 3003, 4003);
INSERT INTO `coolcream`.`product_has_topping` (`has_topping_id`, `topping_id`, `product_id`) VALUES ('6008', 3004, 4003);
INSERT INTO `coolcream`.`product_has_topping` (`has_topping_id`, `topping_id`, `product_id`) VALUES ('6009', 3007, 4003);
INSERT INTO `coolcream`.`product_has_topping` (`has_topping_id`, `topping_id`, `product_id`) VALUES ('6010', 3001, 4004);
INSERT INTO `coolcream`.`product_has_topping` (`has_topping_id`, `topping_id`, `product_id`) VALUES ('6011', 3006, 4004);
INSERT INTO `coolcream`.`product_has_topping` (`has_topping_id`, `topping_id`, `product_id`) VALUES ('6012', 3003, 4005);
INSERT INTO `coolcream`.`product_has_topping` (`has_topping_id`, `topping_id`, `product_id`) VALUES ('6013', 3004, 4005);
INSERT INTO `coolcream`.`product_has_topping` (`has_topping_id`, `topping_id`, `product_id`) VALUES ('6014', 3006, 4005);

COMMIT;

